State,Groups Joined,Number of Members,Which day do they allow business posts?
Massachusetts,"Wonderful Westminster, MA",6.5K members,Any day
Massachusetts,The Sutton Site,12.3K members,Any day
Massachusetts,"Attleboro, MA Community Resources Page",8.9K members,Any day
Massachusetts,HAVERHILL MA 411,28.1K members,Any day
Massachusetts,"Town of Westport, Ma. WE THE PEOPLE.",11.5K members,ONCE a week
Massachusetts,The Winchendon Residents Page,9.0K members,Any day
Massachusetts,North Adams Chat,9.1k members,Any day
Massachusetts,"Hanson, Massachusetts Connect",7.9k members,Any day
Massachusetts,Bellingham Buzz & Beyond,5.7k members,Any day
Massachusetts,"I Live in Taunton,MA",36.1K members,Monday
Massachusetts,The West Bridgewater Hub,11.9K members,Any day
Massachusetts,Everything Greenfield MA,15.6k members,Any day
Massachusetts,"Everything Abington, MA",8.9K members,Any day
Massachusetts,Hanover Connect,17.0K members,THRICE a month
Massachusetts,Hanson Ma Connection,9.7K members,ONCE a week
Massachusetts,Pembroke Connect,24.0K members,THRICE a month
Massachusetts,"Life In Abington, MA (Uncensored)",12.8K members,TWICE a week
Massachusetts,"Everything Randolph, Mass.",12.1K members,ONCE every 2-3 weeks
Massachusetts,Weymouth is Everything (WiE),29.1K members,Any day
Massachusetts,Everything Quincy,15.3K members,Any day
Massachusetts,Taunton Residents,11.7K members,Any day
Massachusetts,All Things Taunton,8.3K members,Any day
Massachusetts,Taunton and Surrounding Area Small Businesses,1.5K members,Any day
Massachusetts,Marshfield Connect,9K members,THRICE a month
Massachusetts,Improving Taunton,19.7K members,Thursday
Massachusetts,"Hanson, MA Network",9.3K members,ONCE a week 
Massachusetts,EVERYTHING HANOVER MA 02339,2K members,Any day
Massachusetts,Pembroke MA Hub,2.8K members,Any day
Massachusetts,brockton helping brockton,8.4K members,Any day
Massachusetts,"Needham, MA",17.6K ,ONCE a month
Massachusetts,Duxbury Connect,3.5K members,Any day
Massachusetts,What's Happening in Brockton?,13.4K members,Any day
Massachusetts,The Brockton Neighborhood improvement,3.7K members,Any day
Massachusetts,Scan Taunton,28.9K members,Any day
Massachusetts,Bridgewater 02324,13.6K members,Any day
Massachusetts,South Shore Massachusetts Events,18.8K members,Any day
Massachusetts,Bridgewater MA Business,3.6K members,Any day
Massachusetts,Abington Connect,1K members,Any day
Massachusetts,"Everything Mansfield, MA",18K members,WEDNESDAYS 
Massachusetts,Town Locals ~ Marshfield MA,5.1K members,Any day
Massachusetts,Halifax MA Community Page,9.7K members,ONCE a week
Massachusetts,Hanover connect 2,4.3K members,Any day
Massachusetts,Abington happenings,8.7K members,Any day
Massachusetts,Whitman Connect,5.5K members,ONCE a month
Massachusetts,Lancaster MA Mass Massachusetts,8.3k members,First Monday of each month.
Massachusetts,"Everything Easton, MA",9.7K members,Saturday
Massachusetts,"ROCKLAND, MA CURRENT EVENTS",5.6K members,Monday 
Massachusetts,Easton Connect,5.3K members,Monday
Massachusetts,Norton Connect,6.5K members,Friday
Massachusetts,Everything Brockton,4.3K members,THRICE a week
Massachusetts,Whitman 02382,13.1K members,ONCE a month
Massachusetts,Everything Whitman,3.3K members,Any day
Massachusetts,Whitman Parents,1.2K members,WEDNESDAYS only 
Massachusetts,Whitman-Hanson Social,2K members,Any day
Massachusetts,Whitman Youth Football & Cheerleading,948 members,Any day
Massachusetts,SOUTH SHORE MA NEWS AND EVENTS,2.8K members,TWICE a month
Massachusetts,what’s happening Worcester,31.k members,Any day
Massachusetts,"Beverly, MA Community",26.0k Members,Once a month 1st or 3rd Saturday
Massachusetts,Andovers Community Group,5.5k members,Any day
Massachusetts,ANYTHING FALMOUTH,9.5k members,Any day
Massachusetts,"Celebrate Norwood (all things Norwood, MA)",7.3k members,Any day
Massachusetts,West Springfield Community Forum,23.5k members,any day
Massachusetts,Everything Walpole,8.4k members,Any day
Massachusetts,Marshfield Forum,15.7k members,Any day
Massachusetts,"Town Of Berkley, MA Residents",5.4k members,Any day
Massachusetts,Westford friends & Neighbors,5.2k members,Once a month
Massachusetts,"Westwood, MA Bulletin Board",8.3k members,Once per quarter
Massachusetts,Matters of Wareham,16.8k members,Any day
Massachusetts,Quincy & Neighboring Communities In Massachusetts,6.7k members,Monday
Massachusetts,"South Shore MA, What’s Up?",4.4k members,Any day
Massachusetts,"Winchester, MA",4k members,Any day
Massachusetts,Fun Things To Do In Massachusetts,42.9k members,Any day
Massachusetts,"Gardner, Ma - # 1 What's going on Page!",8.5k members,Any day
Massachusetts,Winthrop Nice Discussion Group,14.5k members,Any day
Massachusetts,Winthrop Open Discussion Group,10.2k members,Any day
Massachusetts,"Everything Canton, MA",13.2k members,Once a week
Massachusetts,Foxborough Recommends,6.3k members,Any day
Massachusetts,Foxboro Discussion,15.1k members,Any day
Massachusetts,"""Our Town: Somerset",15.5k members,Sunday and Wednesday
Massachusetts,Positively Somerset,9.4k members,Any day
Massachusetts,Newburyport Area Recommends,5.3k members,Any day
Massachusetts,Newburyport MA. Bulletin Board,7.5k members ,Any day
Massachusetts,Everything Greenfield MA (uncensored),5.3k members,Any day
Massachusetts,Gardner MA: Uncensored,5.8k members,once per week
Massachusetts,Southbridge First,10.8k members,Any day
Massachusetts,The REAL Auburn Site,10.3k members,Monday
Massachusetts,East Longmeadow Town Forum,14.4k members,Any day
Massachusetts,Longmeadow MA Open Forum,20.6k members,Once per week
Massachusetts,"East Forest Park, Springfield MA",6.9k members,Sunday and Wednesday
Massachusetts,"Today In Westport, MA",3.2k members,Any day
Massachusetts,"Westport, Massachusetts","19,6k members",Any day
Massachusetts,All Things Plymouth MA,15.6k members,Any day
Massachusetts,"Easthampton, MA Group Page",11.2k members,Anyday
Massachusetts,"ALL Things Northborough, Ma",5.3k members ,Anyday
Massachusetts,The Polite Belchertown Community Forum,5k members,Anyday
Massachusetts,"Chicopee, MA Open Forum",9.2k members,Once a week
Massachusetts,Raynham Residents Classified,27k members,Anyday
Massachusetts,I'm HOLLISTON HAPPY!!,11.6k members,Monday
Massachusetts,Holliston Residents & Fans,5k members ,Anyday
Massachusetts,"Somerville, MA Community",26.6k members,Any day
Massachusetts,Bellingham Ma Uncensored,2.4k members ,Any day
Massachusetts,Uniquely uxbridge,9.7k members,Any day
Massachusetts,Charlton Area Community Forum,8k members,Saturday and Monday
Massachusetts,The Real North Adams Chat,2.5k members,Any day
Massachusetts,THE Palmer Page,13.9k members,Once a week
Massachusetts,"Athol, Ma Community Notice",2.6k members,Any day
Massachusetts,UXBRIDGE MASSACHUSETTS (OFFICIAL TOWN PAGE),5.1K members,Any day
Massachusetts,Norwell Social,7.7K members,ONCE a month
Massachusetts,Rockland Hub (Massachusetts),10K members,Monday
Massachusetts,"Talk About Taunton, MA",3.1K members,Any day
Massachusetts,Duxbury helping Duxbury,15.5K members,Anyday
Massachusetts,Taunton & Raynham Scan,9.5K members,Any day
Massachusetts,Everything Hanover Mass,4.3K members,Any day
Massachusetts,Our Whitman Connection,1.9K members,TWICE a month
Massachusetts,Whitman MA (Explicit Content),5.3K members,Any day
Massachusetts,"YARD SALE ROCKLAND,ABINGTON,WHITMAN PAGE",22.7K members,Any day
Massachusetts,Whitman/Hanson/EB/Abington List,1.6K members,Any day
Massachusetts,"Agawam, MA Forum",18.2k members,Any day
Massachusetts,"Blackstone, MA Friends and Neighbors",3.7k members,Any day
Massachusetts,Gardner Massachusetts - What is happening in this city?,16k members,Any day
Massachusetts,Anything Marblehead 01945,9.3k members,Any day
Massachusetts,"Residents Of Marlborough, Ma",8.4k members,Once a week
Massachusetts,Scituate Connect,14.1k members,3 times per month
Massachusetts,Nice People of Newburyport,20.5k members,Saturday
Massachusetts,All Things Raynham,4.3k members ,Anyday
Massachusetts,"The REAL Swansea, MA",18.9k members,Once a week
Massachusetts,Friends In Medfield,5.8k members,Friday
Massachusetts,Everything Rockland,10.4K members,Any day
Massachusetts,"Wilbraham MA, Open Forum",9.9K members,ONCE a week
Massachusetts,Quincy MA Community Page,9.3K members,Any day
Massachusetts,Norwell Connect,6.0K members,THRICE a month
Massachusetts,Fabulous Falmouth,38.2K members,Saturday
Massachusetts,"Chicopee, MA Open Forum",9.2k members,ONCE a week
Massachusetts,Medford MA,9.3k members,Once a MONTH
Massachusetts,"Westwood, MA Bulletin Board",8.3K members,2-4 times a year
Massachusetts,The East Bridgewater Hub,11.9k members,ONCE a week
Massachusetts,"Danvers, Massachusetts",5.9k members,Any day
Massachusetts,"Everything Good About Easton, MA",1.4K members,ONCE a week 
Massachusetts,"Marlborough, MA Neighbors Group",7.1k Members,Any day
Massachusetts,All about Franklin Mass,21.6k members,Any day
Massachusetts,"Wakefield, MA Community Page",13.4k members,once per week
Massachusetts,Walpole Bulletin Board,7k members,Any day
Massachusetts,"Townsend, Ma - Whats going on",13.4k members,Any day
Massachusetts,"Everything Canton, MA",13.2k member,Anyday
Massachusetts,"Positively Mansfield, MA",3.4k members,2 post per month
Massachusetts,Best of Westborough,5.4k members,Tuesday
Massachusetts,"We are from Westborough, MA!",3.8k members,Monday
Massachusetts,The Sandwich Scoop,11.8k members,Once a day
Massachusetts,"ALL Things Grafton,MA",5.8k members,Once a week
Massachusetts,Holliston Bulletin Board,6.1k members,Anyday
Massachusetts,"Wilbraham MA, Open Forum",10k members,Once a week
Massachusetts,Holliston Bulletin Board,6.1k members,Anyday
Massachusetts,North Andover MA Community Board,9.6k members,Sunday
Massachusetts,"Life in Rockland, MA",3.8K members,Any day
Massachusetts,Shrewsbury Ma (Community Connections),8.4K members,Any day
Massachusetts,RehobothTalk,12.7k members,once a month
Massachusetts,"Growing Up In Dorchester, MA",7.3k members ,Any day
Massachusetts,West Springfield Forum,6.6k members,Any day
Massachusetts,"Wilbraham MA, Open Forum",10k members,once a week
Massachusetts,"Danvers, MA",2.5k members ,Any day
Massachusetts,ALL Things Williamsburg,3.9k members ,Any day
Massachusetts,Everything Canton Ma Community Group,5.4k members,wednesday