State,Groups Joined,Number of Members,Which day do they allow business posts?,pleace
Massachusetts,"Wonderful Westminster, MA",6.5K members,Any day,Westminster
Massachusetts,The Sutton Site,12.3K members,Any day,Sutton
Massachusetts,"Attleboro, MA Community Resources Page",8.9K members,Any day,Attleboro
Massachusetts,HAVERHILL MA 411,28.1K members,Any day,Haverhill
Massachusetts,"Town of Westport, Ma. WE THE PEOPLE.",11.5K members,ONCE a week,Westport
Massachusetts,The Winchendon Residents Page,9.0K members,Any day,Winchendon
Massachusetts,North Adams Chat,9.1k members,Any day,North Adams
Massachusetts,"Hanson, Massachusetts Connect",7.9k members,Any day,Hanson
Massachusetts,Bellingham Buzz & Beyond,5.7k members,Any day,Bellingham
Massachusetts,"I Live in Taunton,MA",36.1K members,Monday,Taunton
Massachusetts,The West Bridgewater Hub,11.9K members,Any day,Bridgewater
Massachusetts,Everything Greenfield MA,15.6k members,Any day,Greenfield
Massachusetts,"Everything Abington, MA",8.9K members,Any day,Abington
Massachusetts,Hanover Connect,17.0K members,THRICE a month,Hanover
Massachusetts,Hanson Ma Connection,9.7K members,ONCE a week,Hanson
Massachusetts,Pembroke Connect,24.0K members,THRICE a month,Pembroke
Massachusetts,"Life In Abington, MA (Uncensored)",12.8K members,TWICE a week,Abington
Massachusetts,"Everything Randolph, Mass.",12.1K members,ONCE every 2-3 weeks,Randolph
Massachusetts,Weymouth is Everything (WiE),29.1K members,Any day,Weymouth
Massachusetts,Everything Quincy,15.3K members,Any day,Quincy
Massachusetts,Taunton Residents,11.7K members,Any day,Taunton
Massachusetts,All Things Taunton,8.3K members,Any day,Taunton
Massachusetts,Taunton and Surrounding Area Small Businesses,1.5K members,Any day,Taunton
Massachusetts,Marshfield Connect,9K members,THRICE a month,Marshfield
Massachusetts,Improving Taunton,19.7K members,Thursday,Taunton
Massachusetts,"Hanson, MA Network",9.3K members,ONCE a week ,Hanson
Massachusetts,EVERYTHING HANOVER MA 02339,2K members,Any day,Hanover
Massachusetts,Pembroke MA Hub,2.8K members,Any day,Pembroke
Massachusetts,brockton helping brockton,8.4K members,Any day,Brockton
Massachusetts,"Needham, MA",17.6K ,ONCE a month,Needham
Massachusetts,Duxbury Connect,3.5K members,Any day,Duxbury
Massachusetts,What's Happening in Brockton?,13.4K members,Any day,Brockton
Massachusetts,The Brockton Neighborhood improvement,3.7K members,Any day,Brockton
Massachusetts,Scan Taunton,28.9K members,Any day,Taunton
Massachusetts,Bridgewater 02324,13.6K members,Any day,Bridgewater
Massachusetts,South Shore Massachusetts Events,18.8K members,Any day,South Hadley
Massachusetts,Bridgewater MA Business,3.6K members,Any day,Bridgewater
Massachusetts,Abington Connect,1K members,Any day,Abington
Massachusetts,"Everything Mansfield, MA",18K members,WEDNESDAYS ,Mansfield Center
Massachusetts,Town Locals ~ Marshfield MA,5.1K members,Any day,Marshfield
Massachusetts,Halifax MA Community Page,9.7K members,ONCE a week,Halifax
Massachusetts,Hanover connect 2,4.3K members,Any day,Hanover
Massachusetts,Abington happenings,8.7K members,Any day,Abington
Massachusetts,Whitman Connect,5.5K members,ONCE a month,Whitman
Massachusetts,Lancaster MA Mass Massachusetts,8.3k members,First Monday of each month.,Lancaster
Massachusetts,"Everything Easton, MA",9.7K members,Saturday,Easton
Massachusetts,"ROCKLAND, MA CURRENT EVENTS",5.6K members,Monday ,Rockland
Massachusetts,Easton Connect,5.3K members,Monday,Easton
Massachusetts,Norton Connect,6.5K members,Friday,Norton
Massachusetts,Everything Brockton,4.3K members,THRICE a week,Brockton
Massachusetts,Whitman 02382,13.1K members,ONCE a month,Whitman
Massachusetts,Everything Whitman,3.3K members,Any day,Whitman
Massachusetts,Whitman Parents,1.2K members,WEDNESDAYS only ,Whitman
Massachusetts,Whitman-Hanson Social,2K members,Any day,Hanson
Massachusetts,Whitman Youth Football & Cheerleading,948 members,Any day,Whitman
Massachusetts,SOUTH SHORE MA NEWS AND EVENTS,2.8K members,TWICE a month,South Hadley
Massachusetts,what’s happening Worcester,31.k members,Any day,Worcester
Massachusetts,"Beverly, MA Community",26.0k Members,Once a month 1st or 3rd Saturday,Beverly
Massachusetts,Andovers Community Group,5.5k members,Any day,Andover
Massachusetts,ANYTHING FALMOUTH,9.5k members,Any day,Falmouth
Massachusetts,"Celebrate Norwood (all things Norwood, MA)",7.3k members,Any day,Norwood
Massachusetts,West Springfield Community Forum,23.5k members,any day,Springfield
Massachusetts,Everything Walpole,8.4k members,Any day,Walpole
Massachusetts,Marshfield Forum,15.7k members,Any day,Marshfield
Massachusetts,"Town Of Berkley, MA Residents",5.4k members,Any day,Berkley
Massachusetts,Westford friends & Neighbors,5.2k members,Once a month,Westford
Massachusetts,"Westwood, MA Bulletin Board",8.3k members,Once per quarter,Westwood
Massachusetts,Matters of Wareham,16.8k members,Any day,Ware
Massachusetts,Quincy & Neighboring Communities In Massachusetts,6.7k members,Monday,Quincy
Massachusetts,"South Shore MA, What’s Up?",4.4k members,Any day,South Hadley
Massachusetts,"Winchester, MA",4k members,Any day,Winchester
Massachusetts,Fun Things To Do In Massachusetts,42.9k members,Any day,Kingston
Massachusetts,"Gardner, Ma - # 1 What's going on Page!",8.5k members,Any day,Gardner
Massachusetts,Winthrop Nice Discussion Group,14.5k members,Any day,Winthrop
Massachusetts,Winthrop Open Discussion Group,10.2k members,Any day,Winthrop
Massachusetts,"Everything Canton, MA",13.2k members,Once a week,Canton
Massachusetts,Foxborough Recommends,6.3k members,Any day,Foxborough
Massachusetts,Foxboro Discussion,15.1k members,Any day,Foxborough
Massachusetts,"""Our Town: Somerset",15.5k members,Sunday and Wednesday,Somerset
Massachusetts,Positively Somerset,9.4k members,Any day,Somerset
Massachusetts,Newburyport Area Recommends,5.3k members,Any day,Newbury
Massachusetts,Newburyport MA. Bulletin Board,7.5k members ,Any day,Newbury
Massachusetts,Everything Greenfield MA (uncensored),5.3k members,Any day,Greenfield
Massachusetts,Gardner MA: Uncensored,5.8k members,once per week,Gardner
Massachusetts,Southbridge First,10.8k members,Any day,Southbridge
Massachusetts,The REAL Auburn Site,10.3k members,Monday,Auburn
Massachusetts,East Longmeadow Town Forum,14.4k members,Any day,East Longmeadow
Massachusetts,Longmeadow MA Open Forum,20.6k members,Once per week,Longmeadow
Massachusetts,"East Forest Park, Springfield MA",6.9k members,Sunday and Wednesday,Springfield
Massachusetts,"Today In Westport, MA",3.2k members,Any day,Westport
Massachusetts,"Westport, Massachusetts","19,6k members",Any day,Westport
Massachusetts,All Things Plymouth MA,15.6k members,Any day,Plymouth
Massachusetts,"Easthampton, MA Group Page",11.2k members,Anyday,Eastham
Massachusetts,"ALL Things Northborough, Ma",5.3k members ,Anyday,Northborough
Massachusetts,The Polite Belchertown Community Forum,5k members,Anyday,Belchertown
Massachusetts,"Chicopee, MA Open Forum",9.2k members,Once a week,Chicopee
Massachusetts,Raynham Residents Classified,27k members,Anyday,Raynham
Massachusetts,I'm HOLLISTON HAPPY!!,11.6k members,Monday,Holliston
Massachusetts,Holliston Residents & Fans,5k members ,Anyday,Holliston
Massachusetts,"Somerville, MA Community",26.6k members,Any day,Somerville
Massachusetts,Bellingham Ma Uncensored,2.4k members ,Any day,Bellingham
Massachusetts,Uniquely uxbridge,9.7k members,Any day,Uxbridge
Massachusetts,Charlton Area Community Forum,8k members,Saturday and Monday,Charlton
Massachusetts,The Real North Adams Chat,2.5k members,Any day,Adams
Massachusetts,THE Palmer Page,13.9k members,Once a week,Palmer
Massachusetts,"Athol, Ma Community Notice",2.6k members,Any day,Athol
Massachusetts,UXBRIDGE MASSACHUSETTS (OFFICIAL TOWN PAGE),5.1K members,Any day,Uxbridge
Massachusetts,Norwell Social,7.7K members,ONCE a month,Norwell
Massachusetts,Rockland Hub (Massachusetts),10K members,Monday,Rockland
Massachusetts,"Talk About Taunton, MA",3.1K members,Any day,Taunton
Massachusetts,Duxbury helping Duxbury,15.5K members,Anyday,Duxbury
Massachusetts,Taunton & Raynham Scan,9.5K members,Any day,Raynham
Massachusetts,Everything Hanover Mass,4.3K members,Any day,Hanover
Massachusetts,Our Whitman Connection,1.9K members,TWICE a month,Whitman
Massachusetts,Whitman MA (Explicit Content),5.3K members,Any day,Whitman
Massachusetts,"YARD SALE ROCKLAND,ABINGTON,WHITMAN PAGE",22.7K members,Any day,Abington
Massachusetts,Whitman/Hanson/EB/Abington List,1.6K members,Any day,Abington
Massachusetts,"Agawam, MA Forum",18.2k members,Any day,Agawam
Massachusetts,"Blackstone, MA Friends and Neighbors",3.7k members,Any day,Stoneham
Massachusetts,Gardner Massachusetts - What is happening in this city?,16k members,Any day,Gardner
Massachusetts,Anything Marblehead 01945,9.3k members,Any day,Marblehead
Massachusetts,"Residents Of Marlborough, Ma",8.4k members,Once a week,Marlborough
Massachusetts,Scituate Connect,14.1k members,3 times per month,Scituate
Massachusetts,Nice People of Newburyport,20.5k members,Saturday,Newbury
Massachusetts,All Things Raynham,4.3k members ,Anyday,Raynham
Massachusetts,"The REAL Swansea, MA",18.9k members,Once a week,Swansea
Massachusetts,Friends In Medfield,5.8k members,Friday,Medfield
Massachusetts,Everything Rockland,10.4K members,Any day,Rockland
Massachusetts,"Wilbraham MA, Open Forum",9.9K members,ONCE a week,Wilbraham
Massachusetts,Quincy MA Community Page,9.3K members,Any day,Quincy
Massachusetts,Norwell Connect,6.0K members,THRICE a month,Norwell
Massachusetts,Fabulous Falmouth,38.2K members,Saturday,Falmouth
Massachusetts,"Chicopee, MA Open Forum",9.2k members,ONCE a week,Chicopee
Massachusetts,Medford MA,9.3k members,Once a MONTH,Medford
Massachusetts,"Westwood, MA Bulletin Board",8.3K members,2-4 times a year,Westwood
Massachusetts,The East Bridgewater Hub,11.9k members,ONCE a week,Bridgewater
Massachusetts,"Danvers, Massachusetts",5.9k members,Any day,Danvers
Massachusetts,"Everything Good About Easton, MA",1.4K members,ONCE a week ,Easton
Massachusetts,"Marlborough, MA Neighbors Group",7.1k Members,Any day,Marlborough
Massachusetts,All about Franklin Mass,21.6k members,Any day,Franklin
Massachusetts,"Wakefield, MA Community Page",13.4k members,once per week,Wakefield
Massachusetts,Walpole Bulletin Board,7k members,Any day,Walpole
Massachusetts,"Townsend, Ma - Whats going on",13.4k members,Any day,Townsend
Massachusetts,"Everything Canton, MA",13.2k member,Anyday,Canton
Massachusetts,"Positively Mansfield, MA",3.4k members,2 post per month,Mansfield Center
Massachusetts,Best of Westborough,5.4k members,Tuesday,Westborough
Massachusetts,"We are from Westborough, MA!",3.8k members,Monday,Westborough
Massachusetts,The Sandwich Scoop,11.8k members,Once a day,Sandwich
Massachusetts,"ALL Things Grafton,MA",5.8k members,Once a week,Grafton
Massachusetts,Holliston Bulletin Board,6.1k members,Anyday,Holliston
Massachusetts,"Wilbraham MA, Open Forum",10k members,Once a week,Wilbraham
Massachusetts,Holliston Bulletin Board,6.1k members,Anyday,Holliston
Massachusetts,North Andover MA Community Board,9.6k members,Sunday,Andover
Massachusetts,"Life in Rockland, MA",3.8K members,Any day,Rockland
Massachusetts,Shrewsbury Ma (Community Connections),8.4K members,Any day,Shrewsbury
Massachusetts,RehobothTalk,12.7k members,once a month,Rehoboth
Massachusetts,"Growing Up In Dorchester, MA",7.3k members ,Any day,Chester
Massachusetts,West Springfield Forum,6.6k members,Any day,West Springfield
Massachusetts,"Wilbraham MA, Open Forum",10k members,once a week,Wilbraham
Massachusetts,"Danvers, MA",2.5k members ,Any day,Danvers
Massachusetts,ALL Things Williamsburg,3.9k members ,Any day,Williamsburg
Massachusetts,Everything Canton Ma Community Group,5.4k members,wednesday,Canton
